Workbook

Sheet zm_castle
A1: weapon | B1: is_in_box | C1: friendly_name
A2: lmg_rpk | B2: TRUE | C2: =VLOOKUP(A2, weapons!A:B, 2, FALSE) -> RPK
A3: sniper_powerbolt | B3: TRUE | C3: =VLOOKUP(A3, weapons!A:B, 2, FALSE) -> SVG-100
A4: sniper_fastsemi | B4: TRUE | C4: =VLOOKUP(A4, weapons!A:B, 2, FALSE) -> Drakon
A5: sniper_fastbolt | B5: TRUE | C5: =VLOOKUP(A5, weapons!A:B, 2, FALSE) -> Locus
A6: smg_versatile | B6: TRUE | C6: =VLOOKUP(A6, weapons!A:B, 2, FALSE) -> VMP
A7: smg_capacity | B7: TRUE | C7: =VLOOKUP(A7, weapons!A:B, 2, FALSE) -> Weevil
A8: smg_burst | B8: TRUE | C8: =VLOOKUP(A8, weapons!A:B, 2, FALSE) -> Pharo
A9: launcher_standard | B9: TRUE | C9: =VLOOKUP(A9, weapons!A:B, 2, FALSE) -> XM-53
A10: shotgun_semiauto | B10: TRUE | C10: =VLOOKUP(A10, weapons!A:B, 2, FALSE) -> 205 Brecci
A11: shotgun_precision | B11: TRUE | C11: =VLOOKUP(A11, weapons!A:B, 2, FALSE) -> Argus
A12: shotgun_fullauto | B12: TRUE | C12: =VLOOKUP(A12, weapons!A:B, 2, FALSE) -> Haymaker 12
A13: lmg_slowfire | B13: TRUE | C13: =VLOOKUP(A13, weapons!A:B, 2, FALSE) -> Gorgon
... A43: pistol_standard | B43: FALSE | C43: =VLOOKUP(A43, weapons!A:B, 2, FALSE) -> MR-6

Sheet weapons
A1: weapon | B1: friendly_name
A2: ray_gun | B2: Ray Gun
A3: raygun_mark2 | B3: Ray Gun Mark 2
A4: raygun_mark3 | B4: Ray Gun Mark 3
A5: tesla_gun | B5: Wunderwaffe DG-2
A6: thundergun | B6: Thundergun
A7: special_crossbow_dw | B7: NX Shadowclaw
A8: ar_accurate | B8: ICR-1
A9: ar_cqb | B9: HVK-30
A10: ar_damage | B10: Man-o-War
A11: ar_longburst | B11: M8A7
A12: ar_marksman | B12: Sheiva
... A85: elemental_bow_demongate | B85: Void Bow
